,img,seg
0,EYE_Training_Data/000013.jpg,EYE_Training_GroundTruth/000013.png
1,EYE_Training_Data/000014.jpg,EYE_Training_GroundTruth/000014.png
2,EYE_Training_Data/000015.jpg,EYE_Training_GroundTruth/000015.png
3,EYE_Training_Data/000016.jpg,EYE_Training_GroundTruth/000016.png
4,EYE_Training_Data/000017.jpg,EYE_Training_GroundTruth/000017.png
5,EYE_Training_Data/000018.jpg,EYE_Training_GroundTruth/000018.png
6,EYE_Training_Data/000019.jpg,EYE_Training_GroundTruth/000019.png
7,EYE_Training_Data/000020.jpg,EYE_Training_GroundTruth/000020.png
8,EYE_Training_Data/000021.jpg,EYE_Training_GroundTruth/000021.png
9,EYE_Training_Data/000022.jpg,EYE_Training_GroundTruth/000022.png
10,EYE_Training_Data/000023.jpg,EYE_Training_GroundTruth/000023.png
11,EYE_Training_Data/000024.jpg,EYE_Training_GroundTruth/000024.png
12,EYE_Training_Data/000025.jpg,EYE_Training_GroundTruth/000025.png
13,EYE_Training_Data/000026.jpg,EYE_Training_GroundTruth/000026.png
14,EYE_Training_Data/000027.jpg,EYE_Training_GroundTruth/000027.png
15,EYE_Training_Data/000028.jpg,EYE_Training_GroundTruth/000028.png
16,EYE_Training_Data/000029.jpg,EYE_Training_GroundTruth/000029.png
17,EYE_Training_Data/000030.jpg,EYE_Training_GroundTruth/000030.png
18,EYE_Training_Data/000031.jpg,EYE_Training_GroundTruth/000031.png
19,EYE_Training_Data/000032.jpg,EYE_Training_GroundTruth/000032.png
20,EYE_Training_Data/000033.jpg,EYE_Training_GroundTruth/000033.png
21,EYE_Training_Data/000034.jpg,EYE_Training_GroundTruth/000034.png
22,EYE_Training_Data/000035.jpg,EYE_Training_GroundTruth/000035.png
23,EYE_Training_Data/000036.jpg,EYE_Training_GroundTruth/000036.png
24,EYE_Training_Data/000037.jpg,EYE_Training_GroundTruth/000037.png
25,EYE_Training_Data/000038.jpg,EYE_Training_GroundTruth/000038.png
26,EYE_Training_Data/000039.jpg,EYE_Training_GroundTruth/000039.png
27,EYE_Training_Data/000040.jpg,EYE_Training_GroundTruth/000040.png
28,EYE_Training_Data/000041.jpg,EYE_Training_GroundTruth/000041.png
29,EYE_Training_Data/000042.jpg,EYE_Training_GroundTruth/000042.png
30,EYE_Training_Data/000043.jpg,EYE_Training_GroundTruth/000043.png
31,EYE_Training_Data/000044.jpg,EYE_Training_GroundTruth/000044.png
32,EYE_Training_Data/000045.jpg,EYE_Training_GroundTruth/000045.png
33,EYE_Training_Data/000046.jpg,EYE_Training_GroundTruth/000046.png
34,EYE_Training_Data/000047.jpg,EYE_Training_GroundTruth/000047.png
35,EYE_Training_Data/000048.jpg,EYE_Training_GroundTruth/000048.png
36,EYE_Training_Data/000049.jpg,EYE_Training_GroundTruth/000049.png
37,EYE_Training_Data/000915.jpg,EYE_Training_GroundTruth/000915.png
38,EYE_Training_Data/000916.jpg,EYE_Training_GroundTruth/000916.png
39,EYE_Training_Data/000917.jpg,EYE_Training_GroundTruth/000917.png
40,EYE_Training_Data/000918.jpg,EYE_Training_GroundTruth/000918.png
41,EYE_Training_Data/000919.jpg,EYE_Training_GroundTruth/000919.png
42,EYE_Training_Data/000920.jpg,EYE_Training_GroundTruth/000920.png
43,EYE_Training_Data/000921.jpg,EYE_Training_GroundTruth/000921.png
44,EYE_Training_Data/000922.jpg,EYE_Training_GroundTruth/000922.png
45,EYE_Training_Data/000923.jpg,EYE_Training_GroundTruth/000923.png
46,EYE_Training_Data/000924.jpg,EYE_Training_GroundTruth/000924.png
47,EYE_Training_Data/000925.jpg,EYE_Training_GroundTruth/000925.png
48,EYE_Training_Data/000926.jpg,EYE_Training_GroundTruth/000926.png
49,EYE_Training_Data/000927.jpg,EYE_Training_GroundTruth/000927.png
50,EYE_Training_Data/000928.jpg,EYE_Training_GroundTruth/000928.png
51,EYE_Training_Data/000929.jpg,EYE_Training_GroundTruth/000929.png
52,EYE_Training_Data/000930.jpg,EYE_Training_GroundTruth/000930.png
53,EYE_Training_Data/000931.jpg,EYE_Training_GroundTruth/000931.png
54,EYE_Training_Data/000932.jpg,EYE_Training_GroundTruth/000932.png
55,EYE_Training_Data/000933.jpg,EYE_Training_GroundTruth/000933.png
56,EYE_Training_Data/000934.jpg,EYE_Training_GroundTruth/000934.png
57,EYE_Training_Data/000935.jpg,EYE_Training_GroundTruth/000935.png
58,EYE_Training_Data/000936.jpg,EYE_Training_GroundTruth/000936.png
59,EYE_Training_Data/000937.jpg,EYE_Training_GroundTruth/000937.png
60,EYE_Training_Data/000938.jpg,EYE_Training_GroundTruth/000938.png
61,EYE_Training_Data/000939.jpg,EYE_Training_GroundTruth/000939.png
62,EYE_Training_Data/000940.jpg,EYE_Training_GroundTruth/000940.png
63,EYE_Training_Data/000941.jpg,EYE_Training_GroundTruth/000941.png
64,EYE_Training_Data/000942.jpg,EYE_Training_GroundTruth/000942.png
65,EYE_Training_Data/000943.jpg,EYE_Training_GroundTruth/000943.png
66,EYE_Training_Data/000944.jpg,EYE_Training_GroundTruth/000944.png
67,EYE_Training_Data/000945.jpg,EYE_Training_GroundTruth/000945.png
68,EYE_Training_Data/000946.jpg,EYE_Training_GroundTruth/000946.png
69,EYE_Training_Data/000947.jpg,EYE_Training_GroundTruth/000947.png
70,EYE_Training_Data/000948.jpg,EYE_Training_GroundTruth/000948.png
71,EYE_Training_Data/000949.jpg,EYE_Training_GroundTruth/000949.png
72,EYE_Training_Data/000950.jpg,EYE_Training_GroundTruth/000950.png
73,EYE_Training_Data/000951.jpg,EYE_Training_GroundTruth/000951.png
74,EYE_Training_Data/001374.jpg,EYE_Training_GroundTruth/001374.png
75,EYE_Training_Data/001375.jpg,EYE_Training_GroundTruth/001375.png
76,EYE_Training_Data/001376.jpg,EYE_Training_GroundTruth/001376.png
77,EYE_Training_Data/001377.jpg,EYE_Training_GroundTruth/001377.png
78,EYE_Training_Data/001378.jpg,EYE_Training_GroundTruth/001378.png
79,EYE_Training_Data/001379.jpg,EYE_Training_GroundTruth/001379.png
80,EYE_Training_Data/001380.jpg,EYE_Training_GroundTruth/001380.png
81,EYE_Training_Data/001381.jpg,EYE_Training_GroundTruth/001381.png
82,EYE_Training_Data/001382.jpg,EYE_Training_GroundTruth/001382.png
83,EYE_Training_Data/001383.jpg,EYE_Training_GroundTruth/001383.png
84,EYE_Training_Data/001384.jpg,EYE_Training_GroundTruth/001384.png
85,EYE_Training_Data/001385.jpg,EYE_Training_GroundTruth/001385.png
86,EYE_Training_Data/001386.jpg,EYE_Training_GroundTruth/001386.png
87,EYE_Training_Data/001387.jpg,EYE_Training_GroundTruth/001387.png
88,EYE_Training_Data/001388.jpg,EYE_Training_GroundTruth/001388.png
89,EYE_Training_Data/001389.jpg,EYE_Training_GroundTruth/001389.png
90,EYE_Training_Data/001390.jpg,EYE_Training_GroundTruth/001390.png
91,EYE_Training_Data/001391.jpg,EYE_Training_GroundTruth/001391.png
92,EYE_Training_Data/001392.jpg,EYE_Training_GroundTruth/001392.png
93,EYE_Training_Data/001393.jpg,EYE_Training_GroundTruth/001393.png
94,EYE_Training_Data/001394.jpg,EYE_Training_GroundTruth/001394.png
95,EYE_Training_Data/001395.jpg,EYE_Training_GroundTruth/001395.png
96,EYE_Training_Data/001396.jpg,EYE_Training_GroundTruth/001396.png
97,EYE_Training_Data/001397.jpg,EYE_Training_GroundTruth/001397.png
98,EYE_Training_Data/001398.jpg,EYE_Training_GroundTruth/001398.png
99,EYE_Training_Data/001399.jpg,EYE_Training_GroundTruth/001399.png
100,EYE_Training_Data/001400.jpg,EYE_Training_GroundTruth/001400.png
101,EYE_Training_Data/001401.jpg,EYE_Training_GroundTruth/001401.png
102,EYE_Training_Data/001402.jpg,EYE_Training_GroundTruth/001402.png
103,EYE_Training_Data/001403.jpg,EYE_Training_GroundTruth/001403.png
104,EYE_Training_Data/001404.jpg,EYE_Training_GroundTruth/001404.png
105,EYE_Training_Data/001405.jpg,EYE_Training_GroundTruth/001405.png
106,EYE_Training_Data/001406.jpg,EYE_Training_GroundTruth/001406.png
107,EYE_Training_Data/001407.jpg,EYE_Training_GroundTruth/001407.png
108,EYE_Training_Data/001408.jpg,EYE_Training_GroundTruth/001408.png
109,EYE_Training_Data/001409.jpg,EYE_Training_GroundTruth/001409.png
110,EYE_Training_Data/001410.jpg,EYE_Training_GroundTruth/001410.png
111,EYE_Training_Data/002269.jpg,EYE_Training_GroundTruth/002269.png
112,EYE_Training_Data/002270.jpg,EYE_Training_GroundTruth/002270.png
113,EYE_Training_Data/002271.jpg,EYE_Training_GroundTruth/002271.png
114,EYE_Training_Data/002272.jpg,EYE_Training_GroundTruth/002272.png
115,EYE_Training_Data/002273.jpg,EYE_Training_GroundTruth/002273.png
116,EYE_Training_Data/002274.jpg,EYE_Training_GroundTruth/002274.png
117,EYE_Training_Data/002275.jpg,EYE_Training_GroundTruth/002275.png
118,EYE_Training_Data/002276.jpg,EYE_Training_GroundTruth/002276.png
119,EYE_Training_Data/002277.jpg,EYE_Training_GroundTruth/002277.png
120,EYE_Training_Data/002278.jpg,EYE_Training_GroundTruth/002278.png
121,EYE_Training_Data/002279.jpg,EYE_Training_GroundTruth/002279.png
122,EYE_Training_Data/002280.jpg,EYE_Training_GroundTruth/002280.png
123,EYE_Training_Data/002281.jpg,EYE_Training_GroundTruth/002281.png
124,EYE_Training_Data/002282.jpg,EYE_Training_GroundTruth/002282.png
125,EYE_Training_Data/002283.jpg,EYE_Training_GroundTruth/002283.png
126,EYE_Training_Data/002284.jpg,EYE_Training_GroundTruth/002284.png
127,EYE_Training_Data/002285.jpg,EYE_Training_GroundTruth/002285.png
128,EYE_Training_Data/002286.jpg,EYE_Training_GroundTruth/002286.png
129,EYE_Training_Data/002287.jpg,EYE_Training_GroundTruth/002287.png
130,EYE_Training_Data/002288.jpg,EYE_Training_GroundTruth/002288.png
131,EYE_Training_Data/002289.jpg,EYE_Training_GroundTruth/002289.png
132,EYE_Training_Data/002290.jpg,EYE_Training_GroundTruth/002290.png
133,EYE_Training_Data/002291.jpg,EYE_Training_GroundTruth/002291.png
134,EYE_Training_Data/002292.jpg,EYE_Training_GroundTruth/002292.png
135,EYE_Training_Data/002293.jpg,EYE_Training_GroundTruth/002293.png
136,EYE_Training_Data/002294.jpg,EYE_Training_GroundTruth/002294.png
137,EYE_Training_Data/002295.jpg,EYE_Training_GroundTruth/002295.png
138,EYE_Training_Data/002296.jpg,EYE_Training_GroundTruth/002296.png
139,EYE_Training_Data/002297.jpg,EYE_Training_GroundTruth/002297.png
140,EYE_Training_Data/002298.jpg,EYE_Training_GroundTruth/002298.png
141,EYE_Training_Data/002299.jpg,EYE_Training_GroundTruth/002299.png
142,EYE_Training_Data/002300.jpg,EYE_Training_GroundTruth/002300.png
143,EYE_Training_Data/002301.jpg,EYE_Training_GroundTruth/002301.png
144,EYE_Training_Data/002302.jpg,EYE_Training_GroundTruth/002302.png
145,EYE_Training_Data/002303.jpg,EYE_Training_GroundTruth/002303.png
146,EYE_Training_Data/002304.jpg,EYE_Training_GroundTruth/002304.png
147,EYE_Training_Data/002305.jpg,EYE_Training_GroundTruth/002305.png
148,EYE_Training_Data/002989.jpg,EYE_Training_GroundTruth/002989.png
149,EYE_Training_Data/002990.jpg,EYE_Training_GroundTruth/002990.png
150,EYE_Training_Data/002991.jpg,EYE_Training_GroundTruth/002991.png
151,EYE_Training_Data/002992.jpg,EYE_Training_GroundTruth/002992.png
152,EYE_Training_Data/002993.jpg,EYE_Training_GroundTruth/002993.png
153,EYE_Training_Data/002994.jpg,EYE_Training_GroundTruth/002994.png
154,EYE_Training_Data/002995.jpg,EYE_Training_GroundTruth/002995.png
155,EYE_Training_Data/002996.jpg,EYE_Training_GroundTruth/002996.png
156,EYE_Training_Data/002997.jpg,EYE_Training_GroundTruth/002997.png
157,EYE_Training_Data/002998.jpg,EYE_Training_GroundTruth/002998.png
158,EYE_Training_Data/002999.jpg,EYE_Training_GroundTruth/002999.png
159,EYE_Training_Data/003000.jpg,EYE_Training_GroundTruth/003000.png
160,EYE_Training_Data/003001.jpg,EYE_Training_GroundTruth/003001.png
161,EYE_Training_Data/003002.jpg,EYE_Training_GroundTruth/003002.png
162,EYE_Training_Data/003003.jpg,EYE_Training_GroundTruth/003003.png
163,EYE_Training_Data/003004.jpg,EYE_Training_GroundTruth/003004.png
164,EYE_Training_Data/003005.jpg,EYE_Training_GroundTruth/003005.png
165,EYE_Training_Data/003006.jpg,EYE_Training_GroundTruth/003006.png
166,EYE_Training_Data/003007.jpg,EYE_Training_GroundTruth/003007.png
167,EYE_Training_Data/003008.jpg,EYE_Training_GroundTruth/003008.png
168,EYE_Training_Data/003009.jpg,EYE_Training_GroundTruth/003009.png
169,EYE_Training_Data/003010.jpg,EYE_Training_GroundTruth/003010.png
170,EYE_Training_Data/003011.jpg,EYE_Training_GroundTruth/003011.png
171,EYE_Training_Data/003012.jpg,EYE_Training_GroundTruth/003012.png
172,EYE_Training_Data/003013.jpg,EYE_Training_GroundTruth/003013.png
173,EYE_Training_Data/003014.jpg,EYE_Training_GroundTruth/003014.png
174,EYE_Training_Data/003015.jpg,EYE_Training_GroundTruth/003015.png
175,EYE_Training_Data/003016.jpg,EYE_Training_GroundTruth/003016.png
176,EYE_Training_Data/003017.jpg,EYE_Training_GroundTruth/003017.png
177,EYE_Training_Data/003018.jpg,EYE_Training_GroundTruth/003018.png
178,EYE_Training_Data/003019.jpg,EYE_Training_GroundTruth/003019.png
179,EYE_Training_Data/003020.jpg,EYE_Training_GroundTruth/003020.png
180,EYE_Training_Data/003021.jpg,EYE_Training_GroundTruth/003021.png
181,EYE_Training_Data/003022.jpg,EYE_Training_GroundTruth/003022.png
182,EYE_Training_Data/003023.jpg,EYE_Training_GroundTruth/003023.png
183,EYE_Training_Data/003024.jpg,EYE_Training_GroundTruth/003024.png
184,EYE_Training_Data/003025.jpg,EYE_Training_GroundTruth/003025.png
185,EYE_Training_Data/003582.jpg,EYE_Training_GroundTruth/003582.png
186,EYE_Training_Data/003583.jpg,EYE_Training_GroundTruth/003583.png
187,EYE_Training_Data/003584.jpg,EYE_Training_GroundTruth/003584.png
188,EYE_Training_Data/003585.jpg,EYE_Training_GroundTruth/003585.png
189,EYE_Training_Data/003586.jpg,EYE_Training_GroundTruth/003586.png
190,EYE_Training_Data/003587.jpg,EYE_Training_GroundTruth/003587.png
191,EYE_Training_Data/003588.jpg,EYE_Training_GroundTruth/003588.png
192,EYE_Training_Data/003589.jpg,EYE_Training_GroundTruth/003589.png
193,EYE_Training_Data/003590.jpg,EYE_Training_GroundTruth/003590.png
194,EYE_Training_Data/003591.jpg,EYE_Training_GroundTruth/003591.png
195,EYE_Training_Data/003592.jpg,EYE_Training_GroundTruth/003592.png
196,EYE_Training_Data/003593.jpg,EYE_Training_GroundTruth/003593.png
197,EYE_Training_Data/003594.jpg,EYE_Training_GroundTruth/003594.png
198,EYE_Training_Data/003595.jpg,EYE_Training_GroundTruth/003595.png
199,EYE_Training_Data/003596.jpg,EYE_Training_GroundTruth/003596.png
200,EYE_Training_Data/003597.jpg,EYE_Training_GroundTruth/003597.png
201,EYE_Training_Data/003598.jpg,EYE_Training_GroundTruth/003598.png
202,EYE_Training_Data/003599.jpg,EYE_Training_GroundTruth/003599.png
203,EYE_Training_Data/003600.jpg,EYE_Training_GroundTruth/003600.png
204,EYE_Training_Data/003601.jpg,EYE_Training_GroundTruth/003601.png
205,EYE_Training_Data/003602.jpg,EYE_Training_GroundTruth/003602.png
206,EYE_Training_Data/003603.jpg,EYE_Training_GroundTruth/003603.png
207,EYE_Training_Data/003604.jpg,EYE_Training_GroundTruth/003604.png
208,EYE_Training_Data/003605.jpg,EYE_Training_GroundTruth/003605.png
209,EYE_Training_Data/003606.jpg,EYE_Training_GroundTruth/003606.png
210,EYE_Training_Data/003607.jpg,EYE_Training_GroundTruth/003607.png
211,EYE_Training_Data/003608.jpg,EYE_Training_GroundTruth/003608.png
212,EYE_Training_Data/003609.jpg,EYE_Training_GroundTruth/003609.png
213,EYE_Training_Data/003610.jpg,EYE_Training_GroundTruth/003610.png
214,EYE_Training_Data/003611.jpg,EYE_Training_GroundTruth/003611.png
215,EYE_Training_Data/003612.jpg,EYE_Training_GroundTruth/003612.png
216,EYE_Training_Data/003613.jpg,EYE_Training_GroundTruth/003613.png
217,EYE_Training_Data/003614.jpg,EYE_Training_GroundTruth/003614.png
218,EYE_Training_Data/003615.jpg,EYE_Training_GroundTruth/003615.png
219,EYE_Training_Data/003616.jpg,EYE_Training_GroundTruth/003616.png
220,EYE_Training_Data/003617.jpg,EYE_Training_GroundTruth/003617.png
221,EYE_Training_Data/003618.jpg,EYE_Training_GroundTruth/003618.png
222,EYE_Training_Data/004164.jpg,EYE_Training_GroundTruth/004164.png
223,EYE_Training_Data/004165.jpg,EYE_Training_GroundTruth/004165.png
224,EYE_Training_Data/004166.jpg,EYE_Training_GroundTruth/004166.png
225,EYE_Training_Data/004167.jpg,EYE_Training_GroundTruth/004167.png
226,EYE_Training_Data/004168.jpg,EYE_Training_GroundTruth/004168.png
227,EYE_Training_Data/004169.jpg,EYE_Training_GroundTruth/004169.png
228,EYE_Training_Data/004170.jpg,EYE_Training_GroundTruth/004170.png
229,EYE_Training_Data/004171.jpg,EYE_Training_GroundTruth/004171.png
230,EYE_Training_Data/004172.jpg,EYE_Training_GroundTruth/004172.png
231,EYE_Training_Data/004173.jpg,EYE_Training_GroundTruth/004173.png
232,EYE_Training_Data/004174.jpg,EYE_Training_GroundTruth/004174.png
233,EYE_Training_Data/004175.jpg,EYE_Training_GroundTruth/004175.png
234,EYE_Training_Data/004176.jpg,EYE_Training_GroundTruth/004176.png
235,EYE_Training_Data/004177.jpg,EYE_Training_GroundTruth/004177.png
236,EYE_Training_Data/004178.jpg,EYE_Training_GroundTruth/004178.png
237,EYE_Training_Data/004179.jpg,EYE_Training_GroundTruth/004179.png
238,EYE_Training_Data/004180.jpg,EYE_Training_GroundTruth/004180.png
239,EYE_Training_Data/004181.jpg,EYE_Training_GroundTruth/004181.png
240,EYE_Training_Data/004182.jpg,EYE_Training_GroundTruth/004182.png
241,EYE_Training_Data/004183.jpg,EYE_Training_GroundTruth/004183.png
242,EYE_Training_Data/004184.jpg,EYE_Training_GroundTruth/004184.png
243,EYE_Training_Data/004185.jpg,EYE_Training_GroundTruth/004185.png
244,EYE_Training_Data/004186.jpg,EYE_Training_GroundTruth/004186.png
245,EYE_Training_Data/004187.jpg,EYE_Training_GroundTruth/004187.png
246,EYE_Training_Data/004188.jpg,EYE_Training_GroundTruth/004188.png
247,EYE_Training_Data/004189.jpg,EYE_Training_GroundTruth/004189.png
248,EYE_Training_Data/004190.jpg,EYE_Training_GroundTruth/004190.png
249,EYE_Training_Data/004191.jpg,EYE_Training_GroundTruth/004191.png
250,EYE_Training_Data/004192.jpg,EYE_Training_GroundTruth/004192.png
251,EYE_Training_Data/004193.jpg,EYE_Training_GroundTruth/004193.png
252,EYE_Training_Data/004194.jpg,EYE_Training_GroundTruth/004194.png
253,EYE_Training_Data/004195.jpg,EYE_Training_GroundTruth/004195.png
254,EYE_Training_Data/004196.jpg,EYE_Training_GroundTruth/004196.png
255,EYE_Training_Data/004197.jpg,EYE_Training_GroundTruth/004197.png
256,EYE_Training_Data/004198.jpg,EYE_Training_GroundTruth/004198.png
257,EYE_Training_Data/004199.jpg,EYE_Training_GroundTruth/004199.png
258,EYE_Training_Data/004200.jpg,EYE_Training_GroundTruth/004200.png
259,EYE_Training_Data/004605.jpg,EYE_Training_GroundTruth/004605.png
260,EYE_Training_Data/004606.jpg,EYE_Training_GroundTruth/004606.png
261,EYE_Training_Data/004607.jpg,EYE_Training_GroundTruth/004607.png
262,EYE_Training_Data/004608.jpg,EYE_Training_GroundTruth/004608.png
263,EYE_Training_Data/004609.jpg,EYE_Training_GroundTruth/004609.png
264,EYE_Training_Data/004610.jpg,EYE_Training_GroundTruth/004610.png
265,EYE_Training_Data/004611.jpg,EYE_Training_GroundTruth/004611.png
266,EYE_Training_Data/004612.jpg,EYE_Training_GroundTruth/004612.png
267,EYE_Training_Data/004613.jpg,EYE_Training_GroundTruth/004613.png
268,EYE_Training_Data/004614.jpg,EYE_Training_GroundTruth/004614.png
269,EYE_Training_Data/004615.jpg,EYE_Training_GroundTruth/004615.png
270,EYE_Training_Data/004616.jpg,EYE_Training_GroundTruth/004616.png
271,EYE_Training_Data/004617.jpg,EYE_Training_GroundTruth/004617.png
272,EYE_Training_Data/004618.jpg,EYE_Training_GroundTruth/004618.png
273,EYE_Training_Data/004619.jpg,EYE_Training_GroundTruth/004619.png
274,EYE_Training_Data/004620.jpg,EYE_Training_GroundTruth/004620.png
275,EYE_Training_Data/004621.jpg,EYE_Training_GroundTruth/004621.png
276,EYE_Training_Data/004622.jpg,EYE_Training_GroundTruth/004622.png
277,EYE_Training_Data/004623.jpg,EYE_Training_GroundTruth/004623.png
278,EYE_Training_Data/004624.jpg,EYE_Training_GroundTruth/004624.png
279,EYE_Training_Data/004625.jpg,EYE_Training_GroundTruth/004625.png
280,EYE_Training_Data/004626.jpg,EYE_Training_GroundTruth/004626.png
281,EYE_Training_Data/004627.jpg,EYE_Training_GroundTruth/004627.png
282,EYE_Training_Data/004628.jpg,EYE_Training_GroundTruth/004628.png
283,EYE_Training_Data/004629.jpg,EYE_Training_GroundTruth/004629.png
284,EYE_Training_Data/004630.jpg,EYE_Training_GroundTruth/004630.png
285,EYE_Training_Data/004631.jpg,EYE_Training_GroundTruth/004631.png
286,EYE_Training_Data/004632.jpg,EYE_Training_GroundTruth/004632.png
287,EYE_Training_Data/004633.jpg,EYE_Training_GroundTruth/004633.png
288,EYE_Training_Data/004634.jpg,EYE_Training_GroundTruth/004634.png
289,EYE_Training_Data/004635.jpg,EYE_Training_GroundTruth/004635.png
290,EYE_Training_Data/004636.jpg,EYE_Training_GroundTruth/004636.png
291,EYE_Training_Data/004637.jpg,EYE_Training_GroundTruth/004637.png
292,EYE_Training_Data/004638.jpg,EYE_Training_GroundTruth/004638.png
293,EYE_Training_Data/004639.jpg,EYE_Training_GroundTruth/004639.png
294,EYE_Training_Data/004640.jpg,EYE_Training_GroundTruth/004640.png
295,EYE_Training_Data/004641.jpg,EYE_Training_GroundTruth/004641.png
296,EYE_Training_Data/005626.jpg,EYE_Training_GroundTruth/005626.png
297,EYE_Training_Data/005627.jpg,EYE_Training_GroundTruth/005627.png
298,EYE_Training_Data/005628.jpg,EYE_Training_GroundTruth/005628.png
299,EYE_Training_Data/005629.jpg,EYE_Training_GroundTruth/005629.png
300,EYE_Training_Data/005630.jpg,EYE_Training_GroundTruth/005630.png
301,EYE_Training_Data/005631.jpg,EYE_Training_GroundTruth/005631.png
302,EYE_Training_Data/005632.jpg,EYE_Training_GroundTruth/005632.png
303,EYE_Training_Data/005633.jpg,EYE_Training_GroundTruth/005633.png
304,EYE_Training_Data/005634.jpg,EYE_Training_GroundTruth/005634.png
305,EYE_Training_Data/005635.jpg,EYE_Training_GroundTruth/005635.png
306,EYE_Training_Data/005636.jpg,EYE_Training_GroundTruth/005636.png
307,EYE_Training_Data/005637.jpg,EYE_Training_GroundTruth/005637.png
308,EYE_Training_Data/005638.jpg,EYE_Training_GroundTruth/005638.png
309,EYE_Training_Data/005639.jpg,EYE_Training_GroundTruth/005639.png
310,EYE_Training_Data/005640.jpg,EYE_Training_GroundTruth/005640.png
311,EYE_Training_Data/005641.jpg,EYE_Training_GroundTruth/005641.png
312,EYE_Training_Data/005642.jpg,EYE_Training_GroundTruth/005642.png
313,EYE_Training_Data/005643.jpg,EYE_Training_GroundTruth/005643.png
314,EYE_Training_Data/005644.jpg,EYE_Training_GroundTruth/005644.png
315,EYE_Training_Data/005645.jpg,EYE_Training_GroundTruth/005645.png
316,EYE_Training_Data/005646.jpg,EYE_Training_GroundTruth/005646.png
317,EYE_Training_Data/005647.jpg,EYE_Training_GroundTruth/005647.png
318,EYE_Training_Data/005648.jpg,EYE_Training_GroundTruth/005648.png
319,EYE_Training_Data/005649.jpg,EYE_Training_GroundTruth/005649.png
320,EYE_Training_Data/005650.jpg,EYE_Training_GroundTruth/005650.png
321,EYE_Training_Data/005651.jpg,EYE_Training_GroundTruth/005651.png
322,EYE_Training_Data/005652.jpg,EYE_Training_GroundTruth/005652.png
323,EYE_Training_Data/005653.jpg,EYE_Training_GroundTruth/005653.png
324,EYE_Training_Data/005654.jpg,EYE_Training_GroundTruth/005654.png
325,EYE_Training_Data/005655.jpg,EYE_Training_GroundTruth/005655.png
326,EYE_Training_Data/005656.jpg,EYE_Training_GroundTruth/005656.png
327,EYE_Training_Data/005657.jpg,EYE_Training_GroundTruth/005657.png
328,EYE_Training_Data/005658.jpg,EYE_Training_GroundTruth/005658.png
329,EYE_Training_Data/005659.jpg,EYE_Training_GroundTruth/005659.png
330,EYE_Training_Data/005660.jpg,EYE_Training_GroundTruth/005660.png
331,EYE_Training_Data/005661.jpg,EYE_Training_GroundTruth/005661.png
332,EYE_Training_Data/005662.jpg,EYE_Training_GroundTruth/005662.png
333,EYE_Training_Data/006353.jpg,EYE_Training_GroundTruth/006353.png
334,EYE_Training_Data/006354.jpg,EYE_Training_GroundTruth/006354.png
335,EYE_Training_Data/006355.jpg,EYE_Training_GroundTruth/006355.png
336,EYE_Training_Data/006356.jpg,EYE_Training_GroundTruth/006356.png
337,EYE_Training_Data/006357.jpg,EYE_Training_GroundTruth/006357.png
338,EYE_Training_Data/006358.jpg,EYE_Training_GroundTruth/006358.png
339,EYE_Training_Data/006359.jpg,EYE_Training_GroundTruth/006359.png
340,EYE_Training_Data/006360.jpg,EYE_Training_GroundTruth/006360.png
341,EYE_Training_Data/006361.jpg,EYE_Training_GroundTruth/006361.png
342,EYE_Training_Data/006362.jpg,EYE_Training_GroundTruth/006362.png
343,EYE_Training_Data/006363.jpg,EYE_Training_GroundTruth/006363.png
344,EYE_Training_Data/006364.jpg,EYE_Training_GroundTruth/006364.png
345,EYE_Training_Data/006365.jpg,EYE_Training_GroundTruth/006365.png
346,EYE_Training_Data/006366.jpg,EYE_Training_GroundTruth/006366.png
347,EYE_Training_Data/006367.jpg,EYE_Training_GroundTruth/006367.png
348,EYE_Training_Data/006368.jpg,EYE_Training_GroundTruth/006368.png
349,EYE_Training_Data/006369.jpg,EYE_Training_GroundTruth/006369.png
350,EYE_Training_Data/006370.jpg,EYE_Training_GroundTruth/006370.png
351,EYE_Training_Data/006371.jpg,EYE_Training_GroundTruth/006371.png
352,EYE_Training_Data/006372.jpg,EYE_Training_GroundTruth/006372.png
353,EYE_Training_Data/006373.jpg,EYE_Training_GroundTruth/006373.png
354,EYE_Training_Data/006374.jpg,EYE_Training_GroundTruth/006374.png
355,EYE_Training_Data/006375.jpg,EYE_Training_GroundTruth/006375.png
356,EYE_Training_Data/006376.jpg,EYE_Training_GroundTruth/006376.png
357,EYE_Training_Data/006377.jpg,EYE_Training_GroundTruth/006377.png
358,EYE_Training_Data/006378.jpg,EYE_Training_GroundTruth/006378.png
359,EYE_Training_Data/006379.jpg,EYE_Training_GroundTruth/006379.png
360,EYE_Training_Data/006380.jpg,EYE_Training_GroundTruth/006380.png
361,EYE_Training_Data/006381.jpg,EYE_Training_GroundTruth/006381.png
362,EYE_Training_Data/006382.jpg,EYE_Training_GroundTruth/006382.png
363,EYE_Training_Data/006383.jpg,EYE_Training_GroundTruth/006383.png
364,EYE_Training_Data/006384.jpg,EYE_Training_GroundTruth/006384.png
365,EYE_Training_Data/006385.jpg,EYE_Training_GroundTruth/006385.png
366,EYE_Training_Data/006386.jpg,EYE_Training_GroundTruth/006386.png
367,EYE_Training_Data/006387.jpg,EYE_Training_GroundTruth/006387.png
368,EYE_Training_Data/006388.jpg,EYE_Training_GroundTruth/006388.png
369,EYE_Training_Data/006389.jpg,EYE_Training_GroundTruth/006389.png
370,EYE_Training_Data/006950.jpg,EYE_Training_GroundTruth/006950.png
371,EYE_Training_Data/006951.jpg,EYE_Training_GroundTruth/006951.png
372,EYE_Training_Data/006952.jpg,EYE_Training_GroundTruth/006952.png
373,EYE_Training_Data/006953.jpg,EYE_Training_GroundTruth/006953.png
374,EYE_Training_Data/006954.jpg,EYE_Training_GroundTruth/006954.png
375,EYE_Training_Data/006955.jpg,EYE_Training_GroundTruth/006955.png
376,EYE_Training_Data/006956.jpg,EYE_Training_GroundTruth/006956.png
377,EYE_Training_Data/006957.jpg,EYE_Training_GroundTruth/006957.png
378,EYE_Training_Data/006958.jpg,EYE_Training_GroundTruth/006958.png
379,EYE_Training_Data/006959.jpg,EYE_Training_GroundTruth/006959.png
380,EYE_Training_Data/006960.jpg,EYE_Training_GroundTruth/006960.png
381,EYE_Training_Data/006961.jpg,EYE_Training_GroundTruth/006961.png
382,EYE_Training_Data/006962.jpg,EYE_Training_GroundTruth/006962.png
383,EYE_Training_Data/006963.jpg,EYE_Training_GroundTruth/006963.png
384,EYE_Training_Data/006964.jpg,EYE_Training_GroundTruth/006964.png
385,EYE_Training_Data/006965.jpg,EYE_Training_GroundTruth/006965.png
386,EYE_Training_Data/006966.jpg,EYE_Training_GroundTruth/006966.png
387,EYE_Training_Data/006967.jpg,EYE_Training_GroundTruth/006967.png
388,EYE_Training_Data/006968.jpg,EYE_Training_GroundTruth/006968.png
389,EYE_Training_Data/006969.jpg,EYE_Training_GroundTruth/006969.png
390,EYE_Training_Data/006970.jpg,EYE_Training_GroundTruth/006970.png
391,EYE_Training_Data/006971.jpg,EYE_Training_GroundTruth/006971.png
392,EYE_Training_Data/006972.jpg,EYE_Training_GroundTruth/006972.png
393,EYE_Training_Data/006973.jpg,EYE_Training_GroundTruth/006973.png
394,EYE_Training_Data/006974.jpg,EYE_Training_GroundTruth/006974.png
395,EYE_Training_Data/006975.jpg,EYE_Training_GroundTruth/006975.png
396,EYE_Training_Data/006976.jpg,EYE_Training_GroundTruth/006976.png
397,EYE_Training_Data/006977.jpg,EYE_Training_GroundTruth/006977.png
398,EYE_Training_Data/006978.jpg,EYE_Training_GroundTruth/006978.png
399,EYE_Training_Data/006979.jpg,EYE_Training_GroundTruth/006979.png
400,EYE_Training_Data/006980.jpg,EYE_Training_GroundTruth/006980.png
401,EYE_Training_Data/006981.jpg,EYE_Training_GroundTruth/006981.png
402,EYE_Training_Data/006982.jpg,EYE_Training_GroundTruth/006982.png
403,EYE_Training_Data/006983.jpg,EYE_Training_GroundTruth/006983.png
404,EYE_Training_Data/006984.jpg,EYE_Training_GroundTruth/006984.png
405,EYE_Training_Data/006985.jpg,EYE_Training_GroundTruth/006985.png
406,EYE_Training_Data/006986.jpg,EYE_Training_GroundTruth/006986.png
407,EYE_Training_Data/009415.jpg,EYE_Training_GroundTruth/009415.png
408,EYE_Training_Data/009416.jpg,EYE_Training_GroundTruth/009416.png
409,EYE_Training_Data/009417.jpg,EYE_Training_GroundTruth/009417.png
410,EYE_Training_Data/009418.jpg,EYE_Training_GroundTruth/009418.png
411,EYE_Training_Data/009419.jpg,EYE_Training_GroundTruth/009419.png
412,EYE_Training_Data/009420.jpg,EYE_Training_GroundTruth/009420.png
413,EYE_Training_Data/009421.jpg,EYE_Training_GroundTruth/009421.png
414,EYE_Training_Data/009422.jpg,EYE_Training_GroundTruth/009422.png
415,EYE_Training_Data/009423.jpg,EYE_Training_GroundTruth/009423.png
416,EYE_Training_Data/009424.jpg,EYE_Training_GroundTruth/009424.png
417,EYE_Training_Data/009425.jpg,EYE_Training_GroundTruth/009425.png
418,EYE_Training_Data/009426.jpg,EYE_Training_GroundTruth/009426.png
419,EYE_Training_Data/009427.jpg,EYE_Training_GroundTruth/009427.png
420,EYE_Training_Data/009428.jpg,EYE_Training_GroundTruth/009428.png
421,EYE_Training_Data/009429.jpg,EYE_Training_GroundTruth/009429.png
422,EYE_Training_Data/009430.jpg,EYE_Training_GroundTruth/009430.png
423,EYE_Training_Data/009431.jpg,EYE_Training_GroundTruth/009431.png
424,EYE_Training_Data/009432.jpg,EYE_Training_GroundTruth/009432.png
425,EYE_Training_Data/009433.jpg,EYE_Training_GroundTruth/009433.png
426,EYE_Training_Data/009434.jpg,EYE_Training_GroundTruth/009434.png
427,EYE_Training_Data/009435.jpg,EYE_Training_GroundTruth/009435.png
428,EYE_Training_Data/009436.jpg,EYE_Training_GroundTruth/009436.png
429,EYE_Training_Data/009437.jpg,EYE_Training_GroundTruth/009437.png
430,EYE_Training_Data/009438.jpg,EYE_Training_GroundTruth/009438.png
431,EYE_Training_Data/009439.jpg,EYE_Training_GroundTruth/009439.png
432,EYE_Training_Data/009440.jpg,EYE_Training_GroundTruth/009440.png
433,EYE_Training_Data/009441.jpg,EYE_Training_GroundTruth/009441.png
434,EYE_Training_Data/009442.jpg,EYE_Training_GroundTruth/009442.png
435,EYE_Training_Data/009443.jpg,EYE_Training_GroundTruth/009443.png
436,EYE_Training_Data/009444.jpg,EYE_Training_GroundTruth/009444.png
437,EYE_Training_Data/009445.jpg,EYE_Training_GroundTruth/009445.png
438,EYE_Training_Data/009446.jpg,EYE_Training_GroundTruth/009446.png
439,EYE_Training_Data/009447.jpg,EYE_Training_GroundTruth/009447.png
440,EYE_Training_Data/009448.jpg,EYE_Training_GroundTruth/009448.png
441,EYE_Training_Data/009449.jpg,EYE_Training_GroundTruth/009449.png
442,EYE_Training_Data/009450.jpg,EYE_Training_GroundTruth/009450.png
443,EYE_Training_Data/009451.jpg,EYE_Training_GroundTruth/009451.png
444,EYE_Training_Data/010314.jpg,EYE_Training_GroundTruth/010314.png
445,EYE_Training_Data/010315.jpg,EYE_Training_GroundTruth/010315.png
446,EYE_Training_Data/010316.jpg,EYE_Training_GroundTruth/010316.png
447,EYE_Training_Data/010317.jpg,EYE_Training_GroundTruth/010317.png
448,EYE_Training_Data/010318.jpg,EYE_Training_GroundTruth/010318.png
449,EYE_Training_Data/010319.jpg,EYE_Training_GroundTruth/010319.png
450,EYE_Training_Data/010320.jpg,EYE_Training_GroundTruth/010320.png
451,EYE_Training_Data/010321.jpg,EYE_Training_GroundTruth/010321.png
452,EYE_Training_Data/010322.jpg,EYE_Training_GroundTruth/010322.png
453,EYE_Training_Data/010323.jpg,EYE_Training_GroundTruth/010323.png
454,EYE_Training_Data/010324.jpg,EYE_Training_GroundTruth/010324.png
455,EYE_Training_Data/010325.jpg,EYE_Training_GroundTruth/010325.png
456,EYE_Training_Data/010326.jpg,EYE_Training_GroundTruth/010326.png
457,EYE_Training_Data/010327.jpg,EYE_Training_GroundTruth/010327.png
458,EYE_Training_Data/010328.jpg,EYE_Training_GroundTruth/010328.png
459,EYE_Training_Data/010329.jpg,EYE_Training_GroundTruth/010329.png
460,EYE_Training_Data/010330.jpg,EYE_Training_GroundTruth/010330.png
461,EYE_Training_Data/010331.jpg,EYE_Training_GroundTruth/010331.png
462,EYE_Training_Data/010332.jpg,EYE_Training_GroundTruth/010332.png
463,EYE_Training_Data/010333.jpg,EYE_Training_GroundTruth/010333.png
464,EYE_Training_Data/010334.jpg,EYE_Training_GroundTruth/010334.png
465,EYE_Training_Data/010335.jpg,EYE_Training_GroundTruth/010335.png
466,EYE_Training_Data/010336.jpg,EYE_Training_GroundTruth/010336.png
467,EYE_Training_Data/010337.jpg,EYE_Training_GroundTruth/010337.png
468,EYE_Training_Data/010338.jpg,EYE_Training_GroundTruth/010338.png
469,EYE_Training_Data/010339.jpg,EYE_Training_GroundTruth/010339.png
470,EYE_Training_Data/010340.jpg,EYE_Training_GroundTruth/010340.png
471,EYE_Training_Data/010341.jpg,EYE_Training_GroundTruth/010341.png
472,EYE_Training_Data/010342.jpg,EYE_Training_GroundTruth/010342.png
473,EYE_Training_Data/010343.jpg,EYE_Training_GroundTruth/010343.png
474,EYE_Training_Data/010344.jpg,EYE_Training_GroundTruth/010344.png
475,EYE_Training_Data/010345.jpg,EYE_Training_GroundTruth/010345.png
476,EYE_Training_Data/010346.jpg,EYE_Training_GroundTruth/010346.png
477,EYE_Training_Data/010347.jpg,EYE_Training_GroundTruth/010347.png
478,EYE_Training_Data/010348.jpg,EYE_Training_GroundTruth/010348.png
479,EYE_Training_Data/010349.jpg,EYE_Training_GroundTruth/010349.png
480,EYE_Training_Data/010350.jpg,EYE_Training_GroundTruth/010350.png
481,EYE_Training_Data/010574.jpg,EYE_Training_GroundTruth/010574.png
482,EYE_Training_Data/010575.jpg,EYE_Training_GroundTruth/010575.png
483,EYE_Training_Data/010576.jpg,EYE_Training_GroundTruth/010576.png
484,EYE_Training_Data/010577.jpg,EYE_Training_GroundTruth/010577.png
485,EYE_Training_Data/010578.jpg,EYE_Training_GroundTruth/010578.png
486,EYE_Training_Data/010579.jpg,EYE_Training_GroundTruth/010579.png
487,EYE_Training_Data/010580.jpg,EYE_Training_GroundTruth/010580.png
488,EYE_Training_Data/010581.jpg,EYE_Training_GroundTruth/010581.png
489,EYE_Training_Data/010582.jpg,EYE_Training_GroundTruth/010582.png
490,EYE_Training_Data/010583.jpg,EYE_Training_GroundTruth/010583.png
491,EYE_Training_Data/010584.jpg,EYE_Training_GroundTruth/010584.png
492,EYE_Training_Data/010585.jpg,EYE_Training_GroundTruth/010585.png
493,EYE_Training_Data/010586.jpg,EYE_Training_GroundTruth/010586.png
494,EYE_Training_Data/010587.jpg,EYE_Training_GroundTruth/010587.png
495,EYE_Training_Data/010588.jpg,EYE_Training_GroundTruth/010588.png
496,EYE_Training_Data/010589.jpg,EYE_Training_GroundTruth/010589.png
497,EYE_Training_Data/010590.jpg,EYE_Training_GroundTruth/010590.png
498,EYE_Training_Data/010591.jpg,EYE_Training_GroundTruth/010591.png
499,EYE_Training_Data/010592.jpg,EYE_Training_GroundTruth/010592.png
500,EYE_Training_Data/010593.jpg,EYE_Training_GroundTruth/010593.png
501,EYE_Training_Data/010594.jpg,EYE_Training_GroundTruth/010594.png
502,EYE_Training_Data/010595.jpg,EYE_Training_GroundTruth/010595.png
503,EYE_Training_Data/010596.jpg,EYE_Training_GroundTruth/010596.png
504,EYE_Training_Data/010597.jpg,EYE_Training_GroundTruth/010597.png
505,EYE_Training_Data/010598.jpg,EYE_Training_GroundTruth/010598.png
506,EYE_Training_Data/010599.jpg,EYE_Training_GroundTruth/010599.png
507,EYE_Training_Data/010600.jpg,EYE_Training_GroundTruth/010600.png
508,EYE_Training_Data/010601.jpg,EYE_Training_GroundTruth/010601.png
509,EYE_Training_Data/010602.jpg,EYE_Training_GroundTruth/010602.png
510,EYE_Training_Data/010603.jpg,EYE_Training_GroundTruth/010603.png
511,EYE_Training_Data/010604.jpg,EYE_Training_GroundTruth/010604.png
512,EYE_Training_Data/010605.jpg,EYE_Training_GroundTruth/010605.png
513,EYE_Training_Data/010606.jpg,EYE_Training_GroundTruth/010606.png
514,EYE_Training_Data/010607.jpg,EYE_Training_GroundTruth/010607.png
515,EYE_Training_Data/010608.jpg,EYE_Training_GroundTruth/010608.png
516,EYE_Training_Data/010609.jpg,EYE_Training_GroundTruth/010609.png
517,EYE_Training_Data/010610.jpg,EYE_Training_GroundTruth/010610.png
518,EYE_Training_Data/010704.jpg,EYE_Training_GroundTruth/010704.png
519,EYE_Training_Data/010705.jpg,EYE_Training_GroundTruth/010705.png
520,EYE_Training_Data/010706.jpg,EYE_Training_GroundTruth/010706.png
521,EYE_Training_Data/010707.jpg,EYE_Training_GroundTruth/010707.png
522,EYE_Training_Data/010708.jpg,EYE_Training_GroundTruth/010708.png
523,EYE_Training_Data/010709.jpg,EYE_Training_GroundTruth/010709.png
524,EYE_Training_Data/010710.jpg,EYE_Training_GroundTruth/010710.png
525,EYE_Training_Data/010711.jpg,EYE_Training_GroundTruth/010711.png
526,EYE_Training_Data/010712.jpg,EYE_Training_GroundTruth/010712.png
527,EYE_Training_Data/010713.jpg,EYE_Training_GroundTruth/010713.png
528,EYE_Training_Data/010714.jpg,EYE_Training_GroundTruth/010714.png
529,EYE_Training_Data/010715.jpg,EYE_Training_GroundTruth/010715.png
530,EYE_Training_Data/010716.jpg,EYE_Training_GroundTruth/010716.png
531,EYE_Training_Data/010717.jpg,EYE_Training_GroundTruth/010717.png
532,EYE_Training_Data/010718.jpg,EYE_Training_GroundTruth/010718.png
533,EYE_Training_Data/010719.jpg,EYE_Training_GroundTruth/010719.png
534,EYE_Training_Data/010720.jpg,EYE_Training_GroundTruth/010720.png
535,EYE_Training_Data/010721.jpg,EYE_Training_GroundTruth/010721.png
536,EYE_Training_Data/010722.jpg,EYE_Training_GroundTruth/010722.png
537,EYE_Training_Data/010723.jpg,EYE_Training_GroundTruth/010723.png
538,EYE_Training_Data/010724.jpg,EYE_Training_GroundTruth/010724.png
539,EYE_Training_Data/010725.jpg,EYE_Training_GroundTruth/010725.png
540,EYE_Training_Data/010726.jpg,EYE_Training_GroundTruth/010726.png
541,EYE_Training_Data/010727.jpg,EYE_Training_GroundTruth/010727.png
542,EYE_Training_Data/010728.jpg,EYE_Training_GroundTruth/010728.png
543,EYE_Training_Data/010729.jpg,EYE_Training_GroundTruth/010729.png
544,EYE_Training_Data/010730.jpg,EYE_Training_GroundTruth/010730.png
545,EYE_Training_Data/010731.jpg,EYE_Training_GroundTruth/010731.png
546,EYE_Training_Data/010732.jpg,EYE_Training_GroundTruth/010732.png
547,EYE_Training_Data/010733.jpg,EYE_Training_GroundTruth/010733.png
548,EYE_Training_Data/010734.jpg,EYE_Training_GroundTruth/010734.png
549,EYE_Training_Data/010735.jpg,EYE_Training_GroundTruth/010735.png
550,EYE_Training_Data/010736.jpg,EYE_Training_GroundTruth/010736.png
551,EYE_Training_Data/010737.jpg,EYE_Training_GroundTruth/010737.png
552,EYE_Training_Data/010738.jpg,EYE_Training_GroundTruth/010738.png
553,EYE_Training_Data/010739.jpg,EYE_Training_GroundTruth/010739.png
554,EYE_Training_Data/010740.jpg,EYE_Training_GroundTruth/010740.png
555,EYE_Training_Data/013237.jpg,EYE_Training_GroundTruth/013237.png
556,EYE_Training_Data/013238.jpg,EYE_Training_GroundTruth/013238.png
557,EYE_Training_Data/013239.jpg,EYE_Training_GroundTruth/013239.png
558,EYE_Training_Data/013240.jpg,EYE_Training_GroundTruth/013240.png
559,EYE_Training_Data/013241.jpg,EYE_Training_GroundTruth/013241.png
560,EYE_Training_Data/013242.jpg,EYE_Training_GroundTruth/013242.png
561,EYE_Training_Data/013243.jpg,EYE_Training_GroundTruth/013243.png
562,EYE_Training_Data/013244.jpg,EYE_Training_GroundTruth/013244.png
563,EYE_Training_Data/013245.jpg,EYE_Training_GroundTruth/013245.png
564,EYE_Training_Data/013246.jpg,EYE_Training_GroundTruth/013246.png
565,EYE_Training_Data/013247.jpg,EYE_Training_GroundTruth/013247.png
566,EYE_Training_Data/013248.jpg,EYE_Training_GroundTruth/013248.png
567,EYE_Training_Data/013249.jpg,EYE_Training_GroundTruth/013249.png
568,EYE_Training_Data/013250.jpg,EYE_Training_GroundTruth/013250.png
569,EYE_Training_Data/013251.jpg,EYE_Training_GroundTruth/013251.png
570,EYE_Training_Data/013252.jpg,EYE_Training_GroundTruth/013252.png
571,EYE_Training_Data/013253.jpg,EYE_Training_GroundTruth/013253.png
572,EYE_Training_Data/013254.jpg,EYE_Training_GroundTruth/013254.png
573,EYE_Training_Data/013255.jpg,EYE_Training_GroundTruth/013255.png
574,EYE_Training_Data/013256.jpg,EYE_Training_GroundTruth/013256.png
575,EYE_Training_Data/013257.jpg,EYE_Training_GroundTruth/013257.png
576,EYE_Training_Data/013258.jpg,EYE_Training_GroundTruth/013258.png
577,EYE_Training_Data/013259.jpg,EYE_Training_GroundTruth/013259.png
578,EYE_Training_Data/013260.jpg,EYE_Training_GroundTruth/013260.png
579,EYE_Training_Data/013261.jpg,EYE_Training_GroundTruth/013261.png
580,EYE_Training_Data/013262.jpg,EYE_Training_GroundTruth/013262.png
581,EYE_Training_Data/013263.jpg,EYE_Training_GroundTruth/013263.png
582,EYE_Training_Data/013264.jpg,EYE_Training_GroundTruth/013264.png
583,EYE_Training_Data/013265.jpg,EYE_Training_GroundTruth/013265.png
584,EYE_Training_Data/013266.jpg,EYE_Training_GroundTruth/013266.png
585,EYE_Training_Data/013267.jpg,EYE_Training_GroundTruth/013267.png
586,EYE_Training_Data/013268.jpg,EYE_Training_GroundTruth/013268.png
587,EYE_Training_Data/013269.jpg,EYE_Training_GroundTruth/013269.png
588,EYE_Training_Data/013270.jpg,EYE_Training_GroundTruth/013270.png
589,EYE_Training_Data/013271.jpg,EYE_Training_GroundTruth/013271.png
590,EYE_Training_Data/013272.jpg,EYE_Training_GroundTruth/013272.png
591,EYE_Training_Data/013273.jpg,EYE_Training_GroundTruth/013273.png
592,EYE_Training_Data/013274.jpg,EYE_Training_GroundTruth/013274.png
593,EYE_Training_Data/017565.jpg,EYE_Training_GroundTruth/017565.png
594,EYE_Training_Data/017566.jpg,EYE_Training_GroundTruth/017566.png
595,EYE_Training_Data/017567.jpg,EYE_Training_GroundTruth/017567.png
596,EYE_Training_Data/017568.jpg,EYE_Training_GroundTruth/017568.png
597,EYE_Training_Data/017569.jpg,EYE_Training_GroundTruth/017569.png
598,EYE_Training_Data/017570.jpg,EYE_Training_GroundTruth/017570.png
599,EYE_Training_Data/017571.jpg,EYE_Training_GroundTruth/017571.png
600,EYE_Training_Data/017572.jpg,EYE_Training_GroundTruth/017572.png
601,EYE_Training_Data/017573.jpg,EYE_Training_GroundTruth/017573.png
602,EYE_Training_Data/017574.jpg,EYE_Training_GroundTruth/017574.png
603,EYE_Training_Data/017575.jpg,EYE_Training_GroundTruth/017575.png
604,EYE_Training_Data/017576.jpg,EYE_Training_GroundTruth/017576.png
605,EYE_Training_Data/017577.jpg,EYE_Training_GroundTruth/017577.png
606,EYE_Training_Data/017578.jpg,EYE_Training_GroundTruth/017578.png
607,EYE_Training_Data/017579.jpg,EYE_Training_GroundTruth/017579.png
608,EYE_Training_Data/017580.jpg,EYE_Training_GroundTruth/017580.png
609,EYE_Training_Data/017581.jpg,EYE_Training_GroundTruth/017581.png
610,EYE_Training_Data/017582.jpg,EYE_Training_GroundTruth/017582.png
611,EYE_Training_Data/017583.jpg,EYE_Training_GroundTruth/017583.png
612,EYE_Training_Data/017584.jpg,EYE_Training_GroundTruth/017584.png
613,EYE_Training_Data/017585.jpg,EYE_Training_GroundTruth/017585.png
614,EYE_Training_Data/017586.jpg,EYE_Training_GroundTruth/017586.png
615,EYE_Training_Data/017587.jpg,EYE_Training_GroundTruth/017587.png
616,EYE_Training_Data/017588.jpg,EYE_Training_GroundTruth/017588.png
617,EYE_Training_Data/017589.jpg,EYE_Training_GroundTruth/017589.png
618,EYE_Training_Data/017590.jpg,EYE_Training_GroundTruth/017590.png
619,EYE_Training_Data/017591.jpg,EYE_Training_GroundTruth/017591.png
620,EYE_Training_Data/017592.jpg,EYE_Training_GroundTruth/017592.png
621,EYE_Training_Data/017593.jpg,EYE_Training_GroundTruth/017593.png
622,EYE_Training_Data/017594.jpg,EYE_Training_GroundTruth/017594.png
623,EYE_Training_Data/017595.jpg,EYE_Training_GroundTruth/017595.png
624,EYE_Training_Data/017596.jpg,EYE_Training_GroundTruth/017596.png
625,EYE_Training_Data/017597.jpg,EYE_Training_GroundTruth/017597.png
626,EYE_Training_Data/017598.jpg,EYE_Training_GroundTruth/017598.png
627,EYE_Training_Data/017599.jpg,EYE_Training_GroundTruth/017599.png
628,EYE_Training_Data/017600.jpg,EYE_Training_GroundTruth/017600.png
629,EYE_Training_Data/017601.jpg,EYE_Training_GroundTruth/017601.png
630,EYE_Training_Data/019981.jpg,EYE_Training_GroundTruth/019981.png
631,EYE_Training_Data/019982.jpg,EYE_Training_GroundTruth/019982.png
632,EYE_Training_Data/019983.jpg,EYE_Training_GroundTruth/019983.png
633,EYE_Training_Data/019984.jpg,EYE_Training_GroundTruth/019984.png
634,EYE_Training_Data/019985.jpg,EYE_Training_GroundTruth/019985.png
635,EYE_Training_Data/019986.jpg,EYE_Training_GroundTruth/019986.png
636,EYE_Training_Data/019987.jpg,EYE_Training_GroundTruth/019987.png
637,EYE_Training_Data/019988.jpg,EYE_Training_GroundTruth/019988.png
638,EYE_Training_Data/019989.jpg,EYE_Training_GroundTruth/019989.png
639,EYE_Training_Data/019990.jpg,EYE_Training_GroundTruth/019990.png
640,EYE_Training_Data/019991.jpg,EYE_Training_GroundTruth/019991.png
641,EYE_Training_Data/019992.jpg,EYE_Training_GroundTruth/019992.png
642,EYE_Training_Data/019993.jpg,EYE_Training_GroundTruth/019993.png
643,EYE_Training_Data/019994.jpg,EYE_Training_GroundTruth/019994.png
644,EYE_Training_Data/019995.jpg,EYE_Training_GroundTruth/019995.png
645,EYE_Training_Data/019996.jpg,EYE_Training_GroundTruth/019996.png
646,EYE_Training_Data/019997.jpg,EYE_Training_GroundTruth/019997.png
647,EYE_Training_Data/019998.jpg,EYE_Training_GroundTruth/019998.png
648,EYE_Training_Data/019999.jpg,EYE_Training_GroundTruth/019999.png
649,EYE_Training_Data/020000.jpg,EYE_Training_GroundTruth/020000.png
650,EYE_Training_Data/020001.jpg,EYE_Training_GroundTruth/020001.png
651,EYE_Training_Data/020002.jpg,EYE_Training_GroundTruth/020002.png
652,EYE_Training_Data/020003.jpg,EYE_Training_GroundTruth/020003.png
653,EYE_Training_Data/020004.jpg,EYE_Training_GroundTruth/020004.png
654,EYE_Training_Data/020005.jpg,EYE_Training_GroundTruth/020005.png
655,EYE_Training_Data/020006.jpg,EYE_Training_GroundTruth/020006.png
656,EYE_Training_Data/020007.jpg,EYE_Training_GroundTruth/020007.png
657,EYE_Training_Data/020008.jpg,EYE_Training_GroundTruth/020008.png
658,EYE_Training_Data/020009.jpg,EYE_Training_GroundTruth/020009.png
659,EYE_Training_Data/020010.jpg,EYE_Training_GroundTruth/020010.png
660,EYE_Training_Data/020011.jpg,EYE_Training_GroundTruth/020011.png
661,EYE_Training_Data/020012.jpg,EYE_Training_GroundTruth/020012.png
662,EYE_Training_Data/020013.jpg,EYE_Training_GroundTruth/020013.png
663,EYE_Training_Data/020014.jpg,EYE_Training_GroundTruth/020014.png
664,EYE_Training_Data/020015.jpg,EYE_Training_GroundTruth/020015.png
665,EYE_Training_Data/020016.jpg,EYE_Training_GroundTruth/020016.png
666,EYE_Training_Data/020017.jpg,EYE_Training_GroundTruth/020017.png
667,EYE_Training_Data/020018.jpg,EYE_Training_GroundTruth/020018.png
668,EYE_Training_Data/020611.jpg,EYE_Training_GroundTruth/020611.png
669,EYE_Training_Data/020612.jpg,EYE_Training_GroundTruth/020612.png
670,EYE_Training_Data/020613.jpg,EYE_Training_GroundTruth/020613.png
671,EYE_Training_Data/020614.jpg,EYE_Training_GroundTruth/020614.png
672,EYE_Training_Data/020615.jpg,EYE_Training_GroundTruth/020615.png
673,EYE_Training_Data/020616.jpg,EYE_Training_GroundTruth/020616.png
674,EYE_Training_Data/020617.jpg,EYE_Training_GroundTruth/020617.png
675,EYE_Training_Data/020618.jpg,EYE_Training_GroundTruth/020618.png
676,EYE_Training_Data/020619.jpg,EYE_Training_GroundTruth/020619.png
677,EYE_Training_Data/020620.jpg,EYE_Training_GroundTruth/020620.png
678,EYE_Training_Data/020621.jpg,EYE_Training_GroundTruth/020621.png
679,EYE_Training_Data/020622.jpg,EYE_Training_GroundTruth/020622.png
680,EYE_Training_Data/020623.jpg,EYE_Training_GroundTruth/020623.png
681,EYE_Training_Data/020624.jpg,EYE_Training_GroundTruth/020624.png
682,EYE_Training_Data/020625.jpg,EYE_Training_GroundTruth/020625.png
683,EYE_Training_Data/020626.jpg,EYE_Training_GroundTruth/020626.png
684,EYE_Training_Data/020627.jpg,EYE_Training_GroundTruth/020627.png
685,EYE_Training_Data/020628.jpg,EYE_Training_GroundTruth/020628.png
686,EYE_Training_Data/020629.jpg,EYE_Training_GroundTruth/020629.png
687,EYE_Training_Data/020630.jpg,EYE_Training_GroundTruth/020630.png
688,EYE_Training_Data/020631.jpg,EYE_Training_GroundTruth/020631.png
689,EYE_Training_Data/020632.jpg,EYE_Training_GroundTruth/020632.png
690,EYE_Training_Data/020633.jpg,EYE_Training_GroundTruth/020633.png
691,EYE_Training_Data/020634.jpg,EYE_Training_GroundTruth/020634.png
692,EYE_Training_Data/020635.jpg,EYE_Training_GroundTruth/020635.png
693,EYE_Training_Data/020636.jpg,EYE_Training_GroundTruth/020636.png
694,EYE_Training_Data/020637.jpg,EYE_Training_GroundTruth/020637.png
695,EYE_Training_Data/020638.jpg,EYE_Training_GroundTruth/020638.png
696,EYE_Training_Data/020639.jpg,EYE_Training_GroundTruth/020639.png
697,EYE_Training_Data/020640.jpg,EYE_Training_GroundTruth/020640.png
698,EYE_Training_Data/020641.jpg,EYE_Training_GroundTruth/020641.png
699,EYE_Training_Data/020642.jpg,EYE_Training_GroundTruth/020642.png
700,EYE_Training_Data/020643.jpg,EYE_Training_GroundTruth/020643.png
701,EYE_Training_Data/020644.jpg,EYE_Training_GroundTruth/020644.png
702,EYE_Training_Data/020645.jpg,EYE_Training_GroundTruth/020645.png
703,EYE_Training_Data/020646.jpg,EYE_Training_GroundTruth/020646.png
704,EYE_Training_Data/020647.jpg,EYE_Training_GroundTruth/020647.png
705,EYE_Training_Data/020648.jpg,EYE_Training_GroundTruth/020648.png
706,EYE_Training_Data/021008.jpg,EYE_Training_GroundTruth/021008.png
707,EYE_Training_Data/021009.jpg,EYE_Training_GroundTruth/021009.png
708,EYE_Training_Data/021010.jpg,EYE_Training_GroundTruth/021010.png
709,EYE_Training_Data/021011.jpg,EYE_Training_GroundTruth/021011.png
710,EYE_Training_Data/021012.jpg,EYE_Training_GroundTruth/021012.png
711,EYE_Training_Data/021013.jpg,EYE_Training_GroundTruth/021013.png
712,EYE_Training_Data/021014.jpg,EYE_Training_GroundTruth/021014.png
713,EYE_Training_Data/021015.jpg,EYE_Training_GroundTruth/021015.png
714,EYE_Training_Data/021016.jpg,EYE_Training_GroundTruth/021016.png
715,EYE_Training_Data/021017.jpg,EYE_Training_GroundTruth/021017.png
716,EYE_Training_Data/021018.jpg,EYE_Training_GroundTruth/021018.png
717,EYE_Training_Data/021019.jpg,EYE_Training_GroundTruth/021019.png
718,EYE_Training_Data/021020.jpg,EYE_Training_GroundTruth/021020.png
719,EYE_Training_Data/021021.jpg,EYE_Training_GroundTruth/021021.png
720,EYE_Training_Data/021022.jpg,EYE_Training_GroundTruth/021022.png
721,EYE_Training_Data/021023.jpg,EYE_Training_GroundTruth/021023.png
722,EYE_Training_Data/021024.jpg,EYE_Training_GroundTruth/021024.png
723,EYE_Training_Data/021025.jpg,EYE_Training_GroundTruth/021025.png
724,EYE_Training_Data/021026.jpg,EYE_Training_GroundTruth/021026.png
725,EYE_Training_Data/021027.jpg,EYE_Training_GroundTruth/021027.png
726,EYE_Training_Data/021028.jpg,EYE_Training_GroundTruth/021028.png
727,EYE_Training_Data/021029.jpg,EYE_Training_GroundTruth/021029.png
728,EYE_Training_Data/021030.jpg,EYE_Training_GroundTruth/021030.png
729,EYE_Training_Data/021031.jpg,EYE_Training_GroundTruth/021031.png
730,EYE_Training_Data/021032.jpg,EYE_Training_GroundTruth/021032.png
731,EYE_Training_Data/021033.jpg,EYE_Training_GroundTruth/021033.png
732,EYE_Training_Data/021034.jpg,EYE_Training_GroundTruth/021034.png
733,EYE_Training_Data/021035.jpg,EYE_Training_GroundTruth/021035.png
734,EYE_Training_Data/021036.jpg,EYE_Training_GroundTruth/021036.png
735,EYE_Training_Data/021037.jpg,EYE_Training_GroundTruth/021037.png
736,EYE_Training_Data/021038.jpg,EYE_Training_GroundTruth/021038.png
737,EYE_Training_Data/021039.jpg,EYE_Training_GroundTruth/021039.png
738,EYE_Training_Data/021040.jpg,EYE_Training_GroundTruth/021040.png
739,EYE_Training_Data/021041.jpg,EYE_Training_GroundTruth/021041.png
740,EYE_Training_Data/021042.jpg,EYE_Training_GroundTruth/021042.png
741,EYE_Training_Data/021043.jpg,EYE_Training_GroundTruth/021043.png
742,EYE_Training_Data/021044.jpg,EYE_Training_GroundTruth/021044.png
743,EYE_Training_Data/021045.jpg,EYE_Training_GroundTruth/021045.png
744,EYE_Training_Data/023078.jpg,EYE_Training_GroundTruth/023078.png
745,EYE_Training_Data/023079.jpg,EYE_Training_GroundTruth/023079.png
746,EYE_Training_Data/023080.jpg,EYE_Training_GroundTruth/023080.png
747,EYE_Training_Data/023081.jpg,EYE_Training_GroundTruth/023081.png
748,EYE_Training_Data/023082.jpg,EYE_Training_GroundTruth/023082.png
749,EYE_Training_Data/023083.jpg,EYE_Training_GroundTruth/023083.png
750,EYE_Training_Data/023084.jpg,EYE_Training_GroundTruth/023084.png
751,EYE_Training_Data/023085.jpg,EYE_Training_GroundTruth/023085.png
752,EYE_Training_Data/023086.jpg,EYE_Training_GroundTruth/023086.png
753,EYE_Training_Data/023087.jpg,EYE_Training_GroundTruth/023087.png
754,EYE_Training_Data/023088.jpg,EYE_Training_GroundTruth/023088.png
755,EYE_Training_Data/023089.jpg,EYE_Training_GroundTruth/023089.png
756,EYE_Training_Data/023090.jpg,EYE_Training_GroundTruth/023090.png
757,EYE_Training_Data/023091.jpg,EYE_Training_GroundTruth/023091.png
758,EYE_Training_Data/023092.jpg,EYE_Training_GroundTruth/023092.png
759,EYE_Training_Data/023093.jpg,EYE_Training_GroundTruth/023093.png
760,EYE_Training_Data/023094.jpg,EYE_Training_GroundTruth/023094.png
761,EYE_Training_Data/023095.jpg,EYE_Training_GroundTruth/023095.png
762,EYE_Training_Data/023096.jpg,EYE_Training_GroundTruth/023096.png
763,EYE_Training_Data/023097.jpg,EYE_Training_GroundTruth/023097.png
764,EYE_Training_Data/023098.jpg,EYE_Training_GroundTruth/023098.png
765,EYE_Training_Data/023099.jpg,EYE_Training_GroundTruth/023099.png
766,EYE_Training_Data/023100.jpg,EYE_Training_GroundTruth/023100.png
767,EYE_Training_Data/023101.jpg,EYE_Training_GroundTruth/023101.png
768,EYE_Training_Data/023102.jpg,EYE_Training_GroundTruth/023102.png
769,EYE_Training_Data/023103.jpg,EYE_Training_GroundTruth/023103.png
770,EYE_Training_Data/023104.jpg,EYE_Training_GroundTruth/023104.png
771,EYE_Training_Data/023105.jpg,EYE_Training_GroundTruth/023105.png
772,EYE_Training_Data/023106.jpg,EYE_Training_GroundTruth/023106.png
773,EYE_Training_Data/023107.jpg,EYE_Training_GroundTruth/023107.png
774,EYE_Training_Data/023108.jpg,EYE_Training_GroundTruth/023108.png
775,EYE_Training_Data/023109.jpg,EYE_Training_GroundTruth/023109.png
776,EYE_Training_Data/023110.jpg,EYE_Training_GroundTruth/023110.png
777,EYE_Training_Data/023111.jpg,EYE_Training_GroundTruth/023111.png
778,EYE_Training_Data/023112.jpg,EYE_Training_GroundTruth/023112.png
779,EYE_Training_Data/023113.jpg,EYE_Training_GroundTruth/023113.png
780,EYE_Training_Data/023114.jpg,EYE_Training_GroundTruth/023114.png
781,EYE_Training_Data/023115.jpg,EYE_Training_GroundTruth/023115.png
782,EYE_Training_Data/023551.jpg,EYE_Training_GroundTruth/023551.png
783,EYE_Training_Data/023552.jpg,EYE_Training_GroundTruth/023552.png
784,EYE_Training_Data/023553.jpg,EYE_Training_GroundTruth/023553.png
785,EYE_Training_Data/023554.jpg,EYE_Training_GroundTruth/023554.png
786,EYE_Training_Data/023555.jpg,EYE_Training_GroundTruth/023555.png
787,EYE_Training_Data/023556.jpg,EYE_Training_GroundTruth/023556.png
788,EYE_Training_Data/023557.jpg,EYE_Training_GroundTruth/023557.png
789,EYE_Training_Data/023558.jpg,EYE_Training_GroundTruth/023558.png
790,EYE_Training_Data/023559.jpg,EYE_Training_GroundTruth/023559.png
791,EYE_Training_Data/023560.jpg,EYE_Training_GroundTruth/023560.png
792,EYE_Training_Data/023561.jpg,EYE_Training_GroundTruth/023561.png
793,EYE_Training_Data/023562.jpg,EYE_Training_GroundTruth/023562.png
794,EYE_Training_Data/023563.jpg,EYE_Training_GroundTruth/023563.png
795,EYE_Training_Data/023564.jpg,EYE_Training_GroundTruth/023564.png
796,EYE_Training_Data/023565.jpg,EYE_Training_GroundTruth/023565.png
797,EYE_Training_Data/023566.jpg,EYE_Training_GroundTruth/023566.png
798,EYE_Training_Data/023567.jpg,EYE_Training_GroundTruth/023567.png
799,EYE_Training_Data/023568.jpg,EYE_Training_GroundTruth/023568.png
800,EYE_Training_Data/023569.jpg,EYE_Training_GroundTruth/023569.png
801,EYE_Training_Data/023570.jpg,EYE_Training_GroundTruth/023570.png
802,EYE_Training_Data/023571.jpg,EYE_Training_GroundTruth/023571.png
803,EYE_Training_Data/023572.jpg,EYE_Training_GroundTruth/023572.png
804,EYE_Training_Data/023573.jpg,EYE_Training_GroundTruth/023573.png
805,EYE_Training_Data/023574.jpg,EYE_Training_GroundTruth/023574.png
806,EYE_Training_Data/023575.jpg,EYE_Training_GroundTruth/023575.png
807,EYE_Training_Data/023576.jpg,EYE_Training_GroundTruth/023576.png
808,EYE_Training_Data/023577.jpg,EYE_Training_GroundTruth/023577.png
809,EYE_Training_Data/023578.jpg,EYE_Training_GroundTruth/023578.png
810,EYE_Training_Data/023579.jpg,EYE_Training_GroundTruth/023579.png
811,EYE_Training_Data/023580.jpg,EYE_Training_GroundTruth/023580.png
812,EYE_Training_Data/023581.jpg,EYE_Training_GroundTruth/023581.png
813,EYE_Training_Data/023582.jpg,EYE_Training_GroundTruth/023582.png
814,EYE_Training_Data/023583.jpg,EYE_Training_GroundTruth/023583.png
815,EYE_Training_Data/023584.jpg,EYE_Training_GroundTruth/023584.png
816,EYE_Training_Data/023585.jpg,EYE_Training_GroundTruth/023585.png
817,EYE_Training_Data/023586.jpg,EYE_Training_GroundTruth/023586.png
818,EYE_Training_Data/023587.jpg,EYE_Training_GroundTruth/023587.png
819,EYE_Training_Data/023588.jpg,EYE_Training_GroundTruth/023588.png
820,EYE_Training_Data/026939.jpg,EYE_Training_GroundTruth/026939.png
821,EYE_Training_Data/026940.jpg,EYE_Training_GroundTruth/026940.png
822,EYE_Training_Data/026941.jpg,EYE_Training_GroundTruth/026941.png
823,EYE_Training_Data/026942.jpg,EYE_Training_GroundTruth/026942.png
824,EYE_Training_Data/026943.jpg,EYE_Training_GroundTruth/026943.png
825,EYE_Training_Data/026944.jpg,EYE_Training_GroundTruth/026944.png
826,EYE_Training_Data/026945.jpg,EYE_Training_GroundTruth/026945.png
827,EYE_Training_Data/026946.jpg,EYE_Training_GroundTruth/026946.png
828,EYE_Training_Data/026947.jpg,EYE_Training_GroundTruth/026947.png
829,EYE_Training_Data/026948.jpg,EYE_Training_GroundTruth/026948.png
830,EYE_Training_Data/026949.jpg,EYE_Training_GroundTruth/026949.png
831,EYE_Training_Data/026950.jpg,EYE_Training_GroundTruth/026950.png
832,EYE_Training_Data/026951.jpg,EYE_Training_GroundTruth/026951.png
833,EYE_Training_Data/026952.jpg,EYE_Training_GroundTruth/026952.png
834,EYE_Training_Data/026953.jpg,EYE_Training_GroundTruth/026953.png
835,EYE_Training_Data/026954.jpg,EYE_Training_GroundTruth/026954.png
836,EYE_Training_Data/026955.jpg,EYE_Training_GroundTruth/026955.png
837,EYE_Training_Data/026956.jpg,EYE_Training_GroundTruth/026956.png
838,EYE_Training_Data/026957.jpg,EYE_Training_GroundTruth/026957.png
839,EYE_Training_Data/026958.jpg,EYE_Training_GroundTruth/026958.png
840,EYE_Training_Data/026959.jpg,EYE_Training_GroundTruth/026959.png
841,EYE_Training_Data/026960.jpg,EYE_Training_GroundTruth/026960.png
842,EYE_Training_Data/026961.jpg,EYE_Training_GroundTruth/026961.png
843,EYE_Training_Data/026962.jpg,EYE_Training_GroundTruth/026962.png
844,EYE_Training_Data/026963.jpg,EYE_Training_GroundTruth/026963.png
845,EYE_Training_Data/026964.jpg,EYE_Training_GroundTruth/026964.png
846,EYE_Training_Data/026965.jpg,EYE_Training_GroundTruth/026965.png
847,EYE_Training_Data/026966.jpg,EYE_Training_GroundTruth/026966.png
848,EYE_Training_Data/026967.jpg,EYE_Training_GroundTruth/026967.png
849,EYE_Training_Data/026968.jpg,EYE_Training_GroundTruth/026968.png
850,EYE_Training_Data/026969.jpg,EYE_Training_GroundTruth/026969.png
851,EYE_Training_Data/026970.jpg,EYE_Training_GroundTruth/026970.png
852,EYE_Training_Data/026971.jpg,EYE_Training_GroundTruth/026971.png
853,EYE_Training_Data/026972.jpg,EYE_Training_GroundTruth/026972.png
854,EYE_Training_Data/026973.jpg,EYE_Training_GroundTruth/026973.png
855,EYE_Training_Data/026974.jpg,EYE_Training_GroundTruth/026974.png
856,EYE_Training_Data/026975.jpg,EYE_Training_GroundTruth/026975.png
857,EYE_Training_Data/026976.jpg,EYE_Training_GroundTruth/026976.png
858,EYE_Training_Data/027378.jpg,EYE_Training_GroundTruth/027378.png
859,EYE_Training_Data/027379.jpg,EYE_Training_GroundTruth/027379.png
860,EYE_Training_Data/027380.jpg,EYE_Training_GroundTruth/027380.png
861,EYE_Training_Data/027381.jpg,EYE_Training_GroundTruth/027381.png
862,EYE_Training_Data/027382.jpg,EYE_Training_GroundTruth/027382.png
863,EYE_Training_Data/027383.jpg,EYE_Training_GroundTruth/027383.png
864,EYE_Training_Data/027384.jpg,EYE_Training_GroundTruth/027384.png
865,EYE_Training_Data/027385.jpg,EYE_Training_GroundTruth/027385.png
866,EYE_Training_Data/027386.jpg,EYE_Training_GroundTruth/027386.png
867,EYE_Training_Data/027387.jpg,EYE_Training_GroundTruth/027387.png
868,EYE_Training_Data/027388.jpg,EYE_Training_GroundTruth/027388.png
869,EYE_Training_Data/027389.jpg,EYE_Training_GroundTruth/027389.png
870,EYE_Training_Data/027390.jpg,EYE_Training_GroundTruth/027390.png
871,EYE_Training_Data/027391.jpg,EYE_Training_GroundTruth/027391.png
872,EYE_Training_Data/027392.jpg,EYE_Training_GroundTruth/027392.png
873,EYE_Training_Data/027393.jpg,EYE_Training_GroundTruth/027393.png
874,EYE_Training_Data/027394.jpg,EYE_Training_GroundTruth/027394.png
875,EYE_Training_Data/027395.jpg,EYE_Training_GroundTruth/027395.png
876,EYE_Training_Data/027396.jpg,EYE_Training_GroundTruth/027396.png
877,EYE_Training_Data/027397.jpg,EYE_Training_GroundTruth/027397.png
878,EYE_Training_Data/027398.jpg,EYE_Training_GroundTruth/027398.png
879,EYE_Training_Data/027399.jpg,EYE_Training_GroundTruth/027399.png
880,EYE_Training_Data/027400.jpg,EYE_Training_GroundTruth/027400.png
881,EYE_Training_Data/027401.jpg,EYE_Training_GroundTruth/027401.png
882,EYE_Training_Data/027402.jpg,EYE_Training_GroundTruth/027402.png
883,EYE_Training_Data/027403.jpg,EYE_Training_GroundTruth/027403.png
884,EYE_Training_Data/027404.jpg,EYE_Training_GroundTruth/027404.png
885,EYE_Training_Data/027405.jpg,EYE_Training_GroundTruth/027405.png
886,EYE_Training_Data/027406.jpg,EYE_Training_GroundTruth/027406.png
887,EYE_Training_Data/027407.jpg,EYE_Training_GroundTruth/027407.png
888,EYE_Training_Data/027408.jpg,EYE_Training_GroundTruth/027408.png
889,EYE_Training_Data/027409.jpg,EYE_Training_GroundTruth/027409.png
890,EYE_Training_Data/027410.jpg,EYE_Training_GroundTruth/027410.png
891,EYE_Training_Data/027411.jpg,EYE_Training_GroundTruth/027411.png
892,EYE_Training_Data/027412.jpg,EYE_Training_GroundTruth/027412.png
893,EYE_Training_Data/027413.jpg,EYE_Training_GroundTruth/027413.png
894,EYE_Training_Data/027414.jpg,EYE_Training_GroundTruth/027414.png
895,EYE_Training_Data/027415.jpg,EYE_Training_GroundTruth/027415.png
896,EYE_Training_Data/027416.jpg,EYE_Training_GroundTruth/027416.png
897,EYE_Training_Data/027417.jpg,EYE_Training_GroundTruth/027417.png
898,EYE_Training_Data/027418.jpg,EYE_Training_GroundTruth/027418.png
899,EYE_Training_Data/027419.jpg,EYE_Training_GroundTruth/027419.png
